episode,total_reward,emergency_rejections,icu_utilisation
0,184.0,1,0.92
1,97.0,1,0.92
2,193.0,0,0.84
3,163.0,0,0.62
4,181.0,0,0.98
5,139.0,0,1.0
6,157.0,0,0.98
7,127.0,0,0.78
8,106.0,2,0.9
9,73.0,1,0.9
10,133.0,1,0.68
11,163.0,0,0.68
12,115.0,1,0.9
13,127.0,0,0.94
14,187.0,0,0.66
15,118.0,0,0.64
16,151.0,0,0.66
17,124.0,0,0.88
18,160.0,0,0.64
19,175.0,0,0.9
20,166.0,0,1.0
21,127.0,0,0.84
22,154.0,0,0.6
23,118.0,0,0.64
24,109.0,3,0.84
25,112.0,0,0.94
26,124.0,0,0.86
27,130.0,2,0.92
28,106.0,3,0.94
29,160.0,1,0.7
30,139.0,0,0.84
31,154.0,1,0.76
32,100.0,1,0.98
33,94.0,2,0.92
34,127.0,0,0.84
35,124.0,0,0.62
36,187.0,0,0.78
37,178.0,0,0.88
38,145.0,2,0.78
39,148.0,0,0.9
40,109.0,2,0.74
41,130.0,1,0.78
42,100.0,1,0.86
43,139.0,0,0.92
44,130.0,1,0.86
45,196.0,0,0.8
46,112.0,2,0.88
47,145.0,0,0.84
48,142.0,0,0.84
49,79.0,3,0.96
50,94.0,1,0.92
51,154.0,0,0.74
52,169.0,0,0.9
53,133.0,0,0.68
54,115.0,0,0.88
55,130.0,0,0.98
56,136.0,0,0.86
57,121.0,1,0.86
58,133.0,1,0.9
59,154.0,0,0.72
60,94.0,3,0.78
61,130.0,0,0.8
62,145.0,0,1.0
63,94.0,3,0.92
64,163.0,0,0.76
65,103.0,0,0.88
66,166.0,0,0.74
67,94.0,1,0.88
68,166.0,0,0.84
69,142.0,0,0.9
70,136.0,1,1.0
71,115.0,0,0.68
72,178.0,0,0.7
73,52.0,3,0.92
74,109.0,1,0.84
75,106.0,2,0.74
76,184.0,0,0.66
77,160.0,0,0.8
78,160.0,0,0.74
79,124.0,1,0.86
80,73.0,1,0.92
81,142.0,0,0.84
82,145.0,1,0.76
83,118.0,0,0.68
84,70.0,2,0.82
85,160.0,0,0.66
86,157.0,2,0.88
87,187.0,0,0.82
88,169.0,2,0.84
89,157.0,0,0.94
90,67.0,3,0.76
91,145.0,0,0.9
92,151.0,0,0.92
93,199.0,0,0.78
94,139.0,0,0.64
95,127.0,0,0.96
96,136.0,0,0.9
97,133.0,1,0.78
98,124.0,0,0.88
99,157.0,0,0.96
100,166.0,0,0.6
101,100.0,2,0.92
102,184.0,0,0.52
103,106.0,2,0.86
104,97.0,1,0.86
105,157.0,0,0.88
106,79.0,0,1.0
107,172.0,0,0.78
108,163.0,0,0.88
109,97.0,2,0.82
110,136.0,0,0.86
111,79.0,2,0.88
112,109.0,0,0.94
113,100.0,1,0.92
114,151.0,1,0.76
115,139.0,0,0.86
116,151.0,1,0.52
117,133.0,0,0.58
118,142.0,0,0.84
119,109.0,0,0.92
120,109.0,1,0.92
121,139.0,0,0.84
122,154.0,0,0.84
123,163.0,0,0.74
124,115.0,0,0.7
125,151.0,0,0.74
126,172.0,0,0.88
127,151.0,0,0.86
128,187.0,0,0.82
129,94.0,2,0.94
130,121.0,1,0.96
131,148.0,0,0.84
132,106.0,2,0.8
133,106.0,2,0.88
134,145.0,1,0.68
135,148.0,0,0.66
136,100.0,0,0.96
137,121.0,2,0.68
138,175.0,0,0.88
139,184.0,0,0.68
140,130.0,1,0.74
141,100.0,2,0.8
142,67.0,1,0.9
143,178.0,0,0.84
144,121.0,0,0.82
145,139.0,0,0.92
146,109.0,1,0.82
147,109.0,0,0.88
148,130.0,0,0.78
149,91.0,1,1.0
150,124.0,0,0.88
151,127.0,1,0.82
152,124.0,0,0.92
153,112.0,0,0.78
154,118.0,1,0.86
155,64.0,3,0.9
156,157.0,0,0.86
157,118.0,0,0.74
158,169.0,0,0.6
159,106.0,3,0.78
160,169.0,0,0.84
161,130.0,1,0.64
162,91.0,1,0.96
163,118.0,0,0.92
164,160.0,0,0.86
165,169.0,0,0.78
166,124.0,0,0.94
167,205.0,0,0.78
168,133.0,1,0.72
169,142.0,0,0.82
170,142.0,0,0.66
171,139.0,0,0.9
172,160.0,1,0.72
173,157.0,0,0.62
174,127.0,0,0.9
175,145.0,0,0.84
176,166.0,0,0.76
177,142.0,0,0.82
178,151.0,0,0.88
179,163.0,0,0.66
180,205.0,0,0.6
181,136.0,1,0.7
182,103.0,2,0.88
183,196.0,0,1.0
184,151.0,1,0.86
185,136.0,0,0.6
186,49.0,4,0.98
187,97.0,0,0.92
188,130.0,1,0.86
189,139.0,2,0.66
190,193.0,0,0.64
191,151.0,0,0.92
192,142.0,1,0.86
193,133.0,1,0.86
194,100.0,2,0.98
195,124.0,0,0.86
196,184.0,0,0.78
197,115.0,1,0.54
198,115.0,0,0.86
199,127.0,0,0.8
200,172.0,0,0.92
201,172.0,0,0.64
202,145.0,0,0.74
203,124.0,0,0.58
204,172.0,0,0.78
205,169.0,0,0.7
206,163.0,0,0.74
207,133.0,1,0.92
208,163.0,0,0.8
209,112.0,0,0.88
210,172.0,0,0.68
211,145.0,0,0.9
212,145.0,0,0.78
213,118.0,1,0.7
214,130.0,0,0.68
215,106.0,1,0.92
216,133.0,0,0.9
217,73.0,1,0.92
218,103.0,3,0.82
219,136.0,1,0.84
220,148.0,0,1.0
221,82.0,3,1.0
222,121.0,1,0.78
223,163.0,0,0.78
224,133.0,0,0.88
225,133.0,2,0.8
226,160.0,0,0.84
227,115.0,0,0.86
228,127.0,0,0.94
229,103.0,0,0.9
230,106.0,0,0.92
231,112.0,0,0.88
232,97.0,2,0.88
233,100.0,1,0.76
234,121.0,0,0.88
235,166.0,1,0.68
236,127.0,0,0.76
237,61.0,2,0.88
238,79.0,1,0.88
239,52.0,5,0.98
240,109.0,0,0.8
241,151.0,1,0.84
242,130.0,0,0.94
243,142.0,0,0.76
244,163.0,0,0.88
245,124.0,2,0.78
246,139.0,0,0.74
247,124.0,1,0.82
248,154.0,1,0.76
249,112.0,0,0.76
250,106.0,1,0.86
251,163.0,0,0.7
252,154.0,0,0.8
253,151.0,0,0.82
254,133.0,0,0.78
255,97.0,2,0.82
256,136.0,1,0.76
257,151.0,0,0.86
258,151.0,1,0.84
259,178.0,0,0.64
260,121.0,2,0.9
261,94.0,2,0.86
262,169.0,0,0.8
263,115.0,1,0.94
264,136.0,2,0.76
265,172.0,1,0.86
266,88.0,3,0.94
267,175.0,0,0.94
268,115.0,0,0.74
269,118.0,0,0.92
270,151.0,0,0.82
271,109.0,1,0.9
272,193.0,0,0.76
273,184.0,0,0.72
274,85.0,3,0.98
275,151.0,0,0.78
276,130.0,1,0.88
277,127.0,1,0.68
278,109.0,1,1.0
279,97.0,0,0.96
280,94.0,2,0.88
281,175.0,0,0.96
282,82.0,2,0.74
283,181.0,0,0.74
284,151.0,1,0.82
285,139.0,3,0.66
286,148.0,0,0.88
287,187.0,0,0.7
288,103.0,0,0.92
289,106.0,1,0.96
290,142.0,1,0.94
291,145.0,0,0.94
292,82.0,2,0.74
293,121.0,0,0.72
294,85.0,4,0.88
295,94.0,4,0.98
296,136.0,1,0.82
297,136.0,0,0.88
298,160.0,0,0.88
299,118.0,0,0.82
300,148.0,0,0.88
301,115.0,1,0.68
302,154.0,1,0.96
303,85.0,2,0.98
304,115.0,1,0.88
305,94.0,1,0.86
306,73.0,1,0.86
307,133.0,0,0.9
308,88.0,1,0.86
309,130.0,1,0.9
310,148.0,1,0.72
311,112.0,0,0.8
312,169.0,0,0.58
313,151.0,0,0.78
314,148.0,0,0.74
315,169.0,0,0.56
316,124.0,0,0.88
317,145.0,0,0.96
318,139.0,1,0.96
319,154.0,1,0.7
320,139.0,0,0.74
321,172.0,1,0.86
322,151.0,0,0.84
323,133.0,0,0.66
324,94.0,3,0.78
325,148.0,1,0.76
326,91.0,2,0.8
327,127.0,0,0.9
328,100.0,1,0.66
329,127.0,1,0.96
330,151.0,0,0.78
331,127.0,2,0.58
332,121.0,0,0.74
333,160.0,0,0.72
334,112.0,0,0.9
335,127.0,0,0.82
336,124.0,0,0.8
337,136.0,1,0.82
338,58.0,1,0.86
339,139.0,0,0.8
340,145.0,0,0.82
341,154.0,1,0.72
342,115.0,1,0.68
343,145.0,1,0.74
344,145.0,1,0.9
345,184.0,0,0.88
346,181.0,0,0.96
347,184.0,0,0.72
348,142.0,0,0.9
349,112.0,0,0.94
350,172.0,0,0.88
351,142.0,0,0.68
352,136.0,0,0.92
353,136.0,0,0.9
354,181.0,0,0.76
355,106.0,1,1.0
356,97.0,2,0.92
357,124.0,1,0.84
358,85.0,2,0.8
359,139.0,0,0.8
360,154.0,0,0.9
361,88.0,2,0.92
362,130.0,2,0.84
363,100.0,1,0.96
364,124.0,0,0.78
365,169.0,1,0.68
366,181.0,0,0.76
367,88.0,2,0.92
368,187.0,0,0.86
369,103.0,3,0.92
370,127.0,0,0.78
371,124.0,1,1.0
372,154.0,0,0.88
373,130.0,1,0.98
374,160.0,0,0.76
375,181.0,0,0.6
376,202.0,0,0.86
377,181.0,0,0.88
378,136.0,0,0.8
379,127.0,0,0.74
380,115.0,1,1.0
381,118.0,1,0.76
382,127.0,1,0.68
383,136.0,0,0.98
384,142.0,0,0.66
385,124.0,3,0.72
386,145.0,0,0.92
387,124.0,0,0.84
388,160.0,0,0.78
389,139.0,1,0.82
390,157.0,1,0.76
391,184.0,0,0.84
392,151.0,0,0.9
393,55.0,2,0.94
394,127.0,0,0.9
395,145.0,0,0.86
396,127.0,3,0.78
397,109.0,1,0.88
398,163.0,0,0.9
399,163.0,0,0.86
400,70.0,1,1.0
401,142.0,0,0.92
402,175.0,0,0.84
403,139.0,0,0.9
404,55.0,3,1.0
405,70.0,2,0.94
406,139.0,0,0.56
407,76.0,5,0.88
408,136.0,0,0.96
409,142.0,2,0.64
410,109.0,2,0.82
411,124.0,3,0.94
412,118.0,0,0.66
413,109.0,0,1.0
414,121.0,1,0.94
415,166.0,0,0.64
416,190.0,0,0.82
417,121.0,0,0.86
418,163.0,0,0.82
419,163.0,0,0.92
420,154.0,0,0.82
421,136.0,1,0.78
422,127.0,0,0.76
423,163.0,0,0.76
424,115.0,0,0.92
425,157.0,0,0.9
426,172.0,0,0.98
427,166.0,1,0.52
428,175.0,0,0.74
429,163.0,0,0.78
430,118.0,0,0.86
431,130.0,1,0.94
432,142.0,2,0.88
433,151.0,1,0.92
434,127.0,2,0.84
435,130.0,0,0.66
436,151.0,0,0.58
437,142.0,0,0.82
438,145.0,0,0.68
439,211.0,0,0.76
440,115.0,0,0.78
441,118.0,1,0.96
442,142.0,0,0.78
443,151.0,0,0.92
444,157.0,0,0.72
445,160.0,0,0.84
446,154.0,0,0.94
447,145.0,1,0.64
448,115.0,0,0.9
449,103.0,1,0.74
450,94.0,1,0.86
451,109.0,0,0.84
452,106.0,0,0.92
453,151.0,0,0.82
454,97.0,1,0.86
455,157.0,0,0.92
456,121.0,0,0.84
457,151.0,1,0.82
458,136.0,0,0.84
459,115.0,0,0.82
460,136.0,0,0.86
461,106.0,2,0.7
462,109.0,1,0.78
463,133.0,0,0.76
464,103.0,0,0.92
465,172.0,1,0.78
466,154.0,0,0.76
467,154.0,0,0.94
468,103.0,1,0.84
469,193.0,0,0.86
470,124.0,2,0.86
471,97.0,2,0.94
472,94.0,3,1.0
473,148.0,0,0.82
474,112.0,0,1.0
475,97.0,0,1.0
476,109.0,2,0.82
477,169.0,0,0.9
478,124.0,0,0.96
479,124.0,0,0.78
480,145.0,1,0.82
481,163.0,0,0.58
482,163.0,0,0.74
483,136.0,0,0.76
484,124.0,1,0.56
485,154.0,0,0.74
486,181.0,1,0.7
487,127.0,2,0.98
488,145.0,1,0.74
489,133.0,2,0.8
490,145.0,1,0.84
491,142.0,0,0.8
492,115.0,1,0.8
493,106.0,2,0.84
494,157.0,2,0.94
495,175.0,0,0.9
496,118.0,1,0.86
497,190.0,0,0.66
498,166.0,0,0.7
499,172.0,0,0.9
500,151.0,0,0.84
501,82.0,0,0.92
502,94.0,0,0.94
503,160.0,0,0.8
504,172.0,0,0.6
505,55.0,1,0.98
506,61.0,2,0.8
507,160.0,0,0.94
508,145.0,0,0.8
509,124.0,1,0.98
510,136.0,0,0.84
511,106.0,0,0.82
512,103.0,1,0.88
513,118.0,4,0.8
514,160.0,0,0.72
515,130.0,0,0.64
516,124.0,1,0.68
517,139.0,1,0.82
518,151.0,0,0.88
519,121.0,0,0.76
520,124.0,1,0.76
521,160.0,1,0.88
522,100.0,3,0.96
523,157.0,0,0.82
524,109.0,0,0.92
525,166.0,0,0.86
526,106.0,2,0.7
527,154.0,1,0.66
528,133.0,0,0.86
529,127.0,0,0.68
530,106.0,2,0.66
531,145.0,0,0.8
532,181.0,0,0.74
533,142.0,0,0.7
534,151.0,0,0.82
535,136.0,0,1.0
536,124.0,1,0.8
537,124.0,1,0.88
538,100.0,0,0.94
539,169.0,0,0.68
540,178.0,0,0.96
541,121.0,1,0.74
542,187.0,0,0.94
543,109.0,3,0.78
544,154.0,0,0.84
545,94.0,0,0.82
546,127.0,0,0.86
547,163.0,0,0.48
548,166.0,0,0.76
549,136.0,0,0.8
550,193.0,0,0.66
551,136.0,0,0.84
552,103.0,1,0.92
553,139.0,0,0.8
554,136.0,2,0.76
555,148.0,0,0.86
556,118.0,0,0.84
557,112.0,2,0.96
558,112.0,1,0.94
559,136.0,1,0.96
560,121.0,1,0.62
561,136.0,0,0.92
562,175.0,0,0.86
563,127.0,1,0.74
564,118.0,1,0.82
565,145.0,0,0.8
566,112.0,1,0.94
567,181.0,0,0.78
568,115.0,1,0.62
569,160.0,0,0.76
570,115.0,1,1.0
571,100.0,0,0.94
572,118.0,3,0.74
573,109.0,1,0.8
574,181.0,0,0.68
575,97.0,1,0.9
576,97.0,1,0.86
577,193.0,0,0.56
578,169.0,0,0.88
579,73.0,1,0.92
580,148.0,0,0.84
581,88.0,1,0.82
582,94.0,1,0.94
583,136.0,1,0.62
584,118.0,0,0.74
585,127.0,2,0.76
586,121.0,3,1.0
587,127.0,0,0.9
588,115.0,0,0.74
589,70.0,2,0.88
590,127.0,1,0.88
591,121.0,0,1.0
592,175.0,0,0.74
593,130.0,0,0.8
594,154.0,0,0.68
595,172.0,0,0.9
596,175.0,0,0.86
597,154.0,0,0.74
598,160.0,0,0.74
599,157.0,0,0.78
600,154.0,1,0.82
601,112.0,2,0.82
602,151.0,0,0.7
603,169.0,0,0.86
604,52.0,1,0.96
605,151.0,0,0.84
606,124.0,1,0.9
607,160.0,0,0.92
608,178.0,0,0.78
609,169.0,0,0.88
610,169.0,0,0.76
611,136.0,0,0.94
612,166.0,0,0.74
613,151.0,0,0.7
614,118.0,2,0.82
615,112.0,1,0.86
616,145.0,0,0.78
617,160.0,0,0.6
618,121.0,0,0.94
619,136.0,0,0.9
620,85.0,4,0.84
621,112.0,1,0.82
622,82.0,1,1.0
623,145.0,0,0.8
624,82.0,1,0.9
625,127.0,1,0.76
626,124.0,1,1.0
627,163.0,0,0.88
628,121.0,0,0.76
629,151.0,0,0.86
630,178.0,0,0.86
631,136.0,1,0.74
632,145.0,0,0.88
633,103.0,2,0.98
634,70.0,2,0.96
635,112.0,0,0.92
636,172.0,0,0.84
637,91.0,2,0.9
638,133.0,0,1.0
639,85.0,2,0.82
640,109.0,2,0.82
641,175.0,0,0.7
642,172.0,1,0.78
643,181.0,0,0.6
644,163.0,0,0.82
645,145.0,0,0.94
646,124.0,1,0.68
647,130.0,0,0.84
648,172.0,0,0.92
649,151.0,0,0.7
650,91.0,1,0.84
651,97.0,1,0.98
652,112.0,0,0.66
653,127.0,1,0.8
654,139.0,1,0.9
655,160.0,0,0.8
656,142.0,0,0.72
657,79.0,2,0.98
658,139.0,0,0.78
659,148.0,0,0.58
660,76.0,1,0.86
661,136.0,0,0.86
662,133.0,0,0.84
663,103.0,2,0.98
664,187.0,0,0.94
665,127.0,0,0.84
666,130.0,1,1.0
667,175.0,0,0.9
668,163.0,0,0.86
669,136.0,0,0.68
670,154.0,0,0.92
671,187.0,0,0.66
672,130.0,0,0.96
673,136.0,0,0.8
674,163.0,0,0.68
675,172.0,0,0.74
676,112.0,0,1.0
677,109.0,0,0.94
678,142.0,2,0.72
679,172.0,0,0.86
680,130.0,1,0.8
681,115.0,0,0.9
682,184.0,0,0.62
683,145.0,0,0.72
684,145.0,0,0.84
685,130.0,0,0.86
686,127.0,0,0.82
687,127.0,1,0.9
688,145.0,0,0.9
689,112.0,0,0.96
690,109.0,1,0.82
691,169.0,0,0.54
692,130.0,1,0.84
693,136.0,0,0.76
694,157.0,0,0.64
695,94.0,2,0.92
696,109.0,0,0.72
697,178.0,1,0.84
698,181.0,1,0.84
699,130.0,1,0.9
700,112.0,2,0.82
701,172.0,0,0.88
702,160.0,0,0.88
703,154.0,0,0.9
704,79.0,0,0.82
705,175.0,0,0.56
706,133.0,1,0.88
707,100.0,2,0.8
708,163.0,0,0.92
709,112.0,1,0.86
710,160.0,0,0.86
711,127.0,1,0.82
712,145.0,0,0.68
713,118.0,0,0.94
714,136.0,0,0.94
715,163.0,0,0.78
716,157.0,0,0.82
717,193.0,0,0.8
718,157.0,0,0.78
719,154.0,0,0.92
720,142.0,0,0.7
721,112.0,0,0.76
722,127.0,0,0.88
723,91.0,2,0.84
724,85.0,3,0.94
725,88.0,3,0.92
726,127.0,1,0.86
727,175.0,0,0.7
728,148.0,0,0.94
729,175.0,0,0.62
730,145.0,0,0.72
731,103.0,1,0.52
732,127.0,1,0.9
733,115.0,0,0.9
734,145.0,0,0.86
735,139.0,0,0.8
736,91.0,3,0.78
737,79.0,1,0.86
738,148.0,0,0.94
739,163.0,1,0.74
740,124.0,0,0.88
741,82.0,2,0.88
742,136.0,0,0.9
743,85.0,2,0.94
744,148.0,0,0.82
745,130.0,0,0.94
746,112.0,2,0.82
747,133.0,0,0.92
748,103.0,1,0.76
749,163.0,0,0.82
750,118.0,0,0.84
751,163.0,0,0.96
752,88.0,1,0.88
753,187.0,0,0.78
754,112.0,0,0.88
755,148.0,1,0.96
756,133.0,2,0.92
757,136.0,0,0.74
758,130.0,0,0.88
759,142.0,1,0.88
760,85.0,1,0.9
761,172.0,0,0.84
762,106.0,0,0.84
763,121.0,1,1.0
764,145.0,2,0.76
765,112.0,0,1.0
766,121.0,0,0.92
767,202.0,0,0.68
768,118.0,0,0.96
769,136.0,2,0.66
770,142.0,1,0.74
771,115.0,2,0.86
772,121.0,0,0.98
773,76.0,0,1.0
774,133.0,1,0.74
775,166.0,0,0.78
776,151.0,0,0.9
777,85.0,2,0.9
778,127.0,0,0.94
779,109.0,2,0.9
780,148.0,0,0.84
781,154.0,0,0.8
782,157.0,0,0.8
783,148.0,0,0.96
784,190.0,0,0.66
785,139.0,1,0.9
786,175.0,0,0.84
787,85.0,3,0.78
788,136.0,1,0.76
789,91.0,2,0.9
790,85.0,0,0.98
791,61.0,3,0.88
792,94.0,1,0.82
793,139.0,1,0.88
794,202.0,0,0.88
795,160.0,1,0.98
796,160.0,0,0.88
797,127.0,0,0.86
798,154.0,0,0.86
799,121.0,0,0.86
800,154.0,1,0.7
801,172.0,0,0.92
802,142.0,0,0.92
803,178.0,0,0.56
804,160.0,0,0.58
805,91.0,2,0.96
806,124.0,1,0.76
807,130.0,2,0.96
808,169.0,0,0.78
809,172.0,0,0.92
810,154.0,0,0.92
811,172.0,1,0.66
812,154.0,0,0.78
813,160.0,0,0.74
814,130.0,2,0.8
815,124.0,1,0.88
816,172.0,0,0.66
817,109.0,1,0.98
818,157.0,1,0.74
819,148.0,0,0.98
820,148.0,0,0.5
821,148.0,0,0.9
822,169.0,0,0.96
823,139.0,0,0.76
824,169.0,0,0.88
825,133.0,0,0.84
826,145.0,0,0.7
827,133.0,0,0.82
828,130.0,1,0.78
829,151.0,1,0.8
830,118.0,0,0.86
831,145.0,1,0.68
832,112.0,1,0.94
833,88.0,1,0.68
834,154.0,0,0.98
835,97.0,1,0.96
836,112.0,0,0.86
837,106.0,1,0.94
838,133.0,0,0.8
839,130.0,0,0.96
840,124.0,0,0.82
841,109.0,2,0.9
842,139.0,0,0.96
843,139.0,0,0.8
844,166.0,1,0.94
845,142.0,1,0.82
846,94.0,1,0.88
847,115.0,0,0.94
848,124.0,1,0.84
849,130.0,2,0.74
850,127.0,0,0.98
851,94.0,2,1.0
852,142.0,0,0.94
853,151.0,0,0.84
854,118.0,1,0.72
855,166.0,0,0.82
856,172.0,0,0.8
857,160.0,0,0.88
858,88.0,3,0.84
859,88.0,2,0.84
860,181.0,2,0.98
861,130.0,0,0.74
862,133.0,0,0.9
863,118.0,0,1.0
864,151.0,0,0.86
865,139.0,1,0.72
866,145.0,0,0.68
867,178.0,0,0.82
868,163.0,0,0.86
869,157.0,1,0.76
870,127.0,1,0.98
871,139.0,1,0.88
872,106.0,0,0.96
873,100.0,2,0.9
874,34.0,3,0.96
875,130.0,0,0.78
876,91.0,3,1.0
877,148.0,0,0.9
878,193.0,1,0.56
879,118.0,0,0.76
880,130.0,1,0.78
881,172.0,0,0.82
882,133.0,0,0.84
883,130.0,0,0.66
884,133.0,1,0.7
885,163.0,0,0.72
886,73.0,4,0.76
887,121.0,1,0.94
888,124.0,0,0.8
889,109.0,1,0.88
890,193.0,0,0.9
891,130.0,0,0.84
892,106.0,1,0.86
893,70.0,3,0.94
894,157.0,0,0.74
895,73.0,2,0.96
896,148.0,0,0.82
897,172.0,0,0.9
898,151.0,0,0.9
899,148.0,1,0.96
900,127.0,0,0.96
901,169.0,0,0.82
902,97.0,1,0.92
903,142.0,0,0.86
904,130.0,1,0.78
905,136.0,0,0.9
906,184.0,0,0.82
907,133.0,0,0.94
908,127.0,1,0.88
909,154.0,0,0.86
910,160.0,0,0.72
911,184.0,0,0.84
912,85.0,2,0.76
913,178.0,0,0.8
914,124.0,1,0.74
915,121.0,0,0.8
916,73.0,1,0.7
917,151.0,0,0.82
918,163.0,0,0.82
919,118.0,0,0.86
920,187.0,0,0.66
921,157.0,0,0.9
922,130.0,2,0.88
923,139.0,0,0.76
924,166.0,0,0.8
925,163.0,0,0.82
926,97.0,2,0.78
927,100.0,2,0.96
928,157.0,0,0.9
929,148.0,0,0.92
930,115.0,1,0.76
931,97.0,2,1.0
932,109.0,0,0.94
933,97.0,2,0.88
934,109.0,1,0.94
935,97.0,2,0.82
936,178.0,0,0.76
937,148.0,0,0.8
938,157.0,0,0.84
939,145.0,0,0.94
940,121.0,0,0.5
941,148.0,0,0.78
942,133.0,0,0.98
943,169.0,0,0.62
944,142.0,0,0.82
945,172.0,0,0.78
946,112.0,2,0.82
947,142.0,0,0.6
948,121.0,0,0.9
949,154.0,0,0.88
950,133.0,0,0.94
951,157.0,0,0.74
952,169.0,0,0.74
953,106.0,0,0.98
954,136.0,0,0.92
955,190.0,0,0.76
956,58.0,3,0.68
957,145.0,0,0.88
958,151.0,0,0.72
959,151.0,0,0.62
960,82.0,1,1.0
961,121.0,0,1.0
962,154.0,0,0.82
963,133.0,0,0.84
964,154.0,0,0.82
965,178.0,0,0.88
966,79.0,2,0.52
967,139.0,0,0.82
968,166.0,0,0.9
969,187.0,0,0.76
970,88.0,1,0.86
971,169.0,0,0.8
972,178.0,0,0.72
973,160.0,0,0.74
974,124.0,0,0.94
975,145.0,2,0.66
976,130.0,0,0.84
977,118.0,0,0.84
978,106.0,2,0.64
979,205.0,0,0.8
980,169.0,0,0.76
981,121.0,0,0.88
982,97.0,1,0.72
983,178.0,0,0.92
984,154.0,0,0.78
985,103.0,1,0.98
986,160.0,0,0.82
987,133.0,0,0.54
988,103.0,1,0.96
989,157.0,0,0.82
990,163.0,0,0.7
991,181.0,0,0.78
992,145.0,0,0.94
993,181.0,0,0.78
994,157.0,0,0.9
995,166.0,0,0.9
996,148.0,1,0.82
997,151.0,2,0.84
998,91.0,1,0.98
999,88.0,1,1.0
1000,145.0,0,0.94
1001,124.0,1,0.92
1002,154.0,0,0.82
1003,103.0,1,0.94
1004,211.0,0,0.74
1005,160.0,0,0.7
1006,109.0,1,0.88
1007,172.0,0,0.64
1008,112.0,0,0.92
1009,154.0,0,0.8
1010,115.0,0,0.96
1011,148.0,0,0.74
1012,151.0,0,0.84
1013,109.0,0,0.9
1014,100.0,2,0.88
1015,103.0,2,0.9
1016,94.0,1,0.88
1017,139.0,0,0.72
1018,103.0,2,0.92
1019,67.0,3,0.86
1020,133.0,1,0.86
1021,115.0,1,0.88
1022,130.0,0,0.98
1023,148.0,1,0.82
1024,151.0,0,0.88
1025,127.0,0,0.8
1026,109.0,1,0.88
1027,130.0,1,0.9
1028,148.0,0,0.9
1029,178.0,0,0.52
1030,94.0,2,0.94
1031,121.0,0,1.0
1032,142.0,1,0.76
1033,142.0,0,0.76
1034,181.0,0,0.9
1035,133.0,0,0.92
1036,178.0,0,0.82
1037,103.0,2,0.82
1038,106.0,1,0.94
1039,178.0,0,0.5
1040,151.0,1,0.88
1041,145.0,0,0.88
1042,124.0,1,0.88
1043,112.0,0,0.88
1044,163.0,0,0.82
1045,118.0,0,0.9
1046,121.0,0,0.88
1047,118.0,1,0.98
1048,76.0,5,0.94
1049,175.0,0,0.62
1050,133.0,0,0.86
1051,136.0,0,0.84
1052,124.0,0,0.82
1053,121.0,1,0.66
1054,148.0,0,0.86
1055,130.0,0,0.68
1056,94.0,2,0.98
1057,145.0,0,0.92
1058,130.0,0,0.8
1059,127.0,1,0.86
1060,151.0,0,0.88
1061,118.0,0,0.64
1062,157.0,0,0.86
1063,142.0,1,0.94
1064,157.0,0,0.74
1065,145.0,0,0.78
1066,145.0,0,0.74
1067,145.0,0,0.64
1068,118.0,1,0.84
1069,175.0,0,0.66
1070,112.0,1,0.92
1071,160.0,0,0.84
1072,103.0,3,0.98
1073,118.0,0,0.98
1074,133.0,0,0.84
1075,70.0,2,0.94
1076,109.0,1,0.58
1077,160.0,0,0.88
1078,166.0,1,0.84
1079,70.0,4,0.84
1080,178.0,0,0.72
1081,100.0,1,0.92
1082,109.0,0,0.64
1083,106.0,0,0.96
1084,112.0,2,0.72
1085,139.0,1,0.9
1086,157.0,1,0.88
1087,154.0,0,0.82
1088,157.0,0,0.66
1089,139.0,0,0.8
1090,115.0,0,0.8
1091,91.0,2,0.86
1092,94.0,1,0.96
1093,163.0,0,0.92
1094,124.0,0,0.74
1095,136.0,0,0.84
1096,151.0,0,0.84
1097,154.0,0,0.64
1098,172.0,0,0.9
1099,103.0,1,0.86
1100,175.0,0,0.8
1101,151.0,0,0.88
1102,163.0,0,0.8
1103,109.0,0,0.88
1104,154.0,0,0.86
1105,142.0,1,0.8
1106,151.0,0,0.72
1107,112.0,0,0.92
1108,82.0,3,0.86
1109,109.0,0,0.92
1110,100.0,1,0.8
1111,139.0,1,0.9
1112,142.0,1,0.66
1113,142.0,1,0.6
1114,136.0,0,0.86
1115,208.0,0,0.74
1116,106.0,2,0.9
1117,118.0,0,0.98
1118,172.0,0,0.88
1119,145.0,1,0.8
1120,157.0,0,0.9
1121,103.0,1,0.84
1122,154.0,0,0.86
1123,136.0,1,0.86
1124,172.0,0,0.86
1125,148.0,0,0.78
1126,88.0,2,0.84
1127,166.0,0,0.72
1128,112.0,0,0.88
1129,100.0,1,0.84
1130,148.0,0,0.92
1131,199.0,0,0.72
1132,115.0,2,0.84
1133,127.0,0,0.78
1134,121.0,1,0.68
1135,133.0,0,0.7
1136,115.0,2,0.88
1137,178.0,0,0.78
1138,157.0,0,0.9
1139,160.0,0,0.96
1140,121.0,1,0.78
1141,142.0,0,0.74
1142,163.0,0,0.96
1143,151.0,0,0.84
1144,151.0,0,0.84
1145,157.0,0,0.7
1146,139.0,0,0.58
1147,130.0,1,0.9
1148,133.0,0,0.84
1149,175.0,0,0.68
1150,70.0,1,0.86
1151,70.0,3,0.94
1152,133.0,1,0.88
1153,82.0,1,0.98
1154,151.0,0,0.76
1155,160.0,0,0.68
1156,178.0,0,0.7
1157,154.0,0,0.94
1158,133.0,0,0.74
1159,118.0,2,0.86
1160,97.0,1,0.94
1161,136.0,0,0.98
1162,124.0,1,0.98
1163,139.0,0,0.8
1164,166.0,0,0.86
1165,169.0,0,0.86
1166,118.0,0,0.78
1167,82.0,2,0.88
1168,148.0,0,0.86
1169,172.0,0,0.6
1170,160.0,0,0.9
1171,151.0,1,0.9
1172,103.0,0,0.8
1173,130.0,0,0.98
1174,118.0,2,0.94
1175,178.0,0,0.64
1176,154.0,1,0.62
1177,88.0,0,0.98
1178,184.0,0,0.54
1179,163.0,0,0.58
1180,166.0,1,0.72
1181,91.0,2,0.94
1182,82.0,2,0.92
1183,121.0,0,0.72
1184,139.0,0,0.78
1185,106.0,2,0.88
1186,142.0,0,0.9
1187,142.0,1,0.74
1188,118.0,1,0.78
1189,115.0,1,0.94
1190,172.0,0,0.38
1191,154.0,0,0.56
1192,157.0,0,0.74
1193,73.0,2,0.82
1194,157.0,1,0.74
1195,127.0,0,0.96
1196,136.0,0,0.8
1197,115.0,2,0.98
1198,130.0,0,0.88
1199,163.0,0,0.76
1200,112.0,1,0.98
1201,142.0,0,0.54
1202,160.0,1,0.88
1203,118.0,0,0.74
1204,154.0,0,0.8
1205,124.0,1,0.5
1206,142.0,1,0.7
1207,163.0,0,0.8
1208,142.0,0,0.94
1209,175.0,0,0.78
1210,124.0,0,1.0
1211,79.0,1,0.98
1212,151.0,0,0.74
1213,169.0,0,0.96
1214,121.0,0,0.78
1215,118.0,1,0.92
1216,88.0,1,0.94
1217,142.0,0,0.78
1218,121.0,0,0.84
1219,166.0,0,0.88
1220,145.0,1,0.9
1221,148.0,0,0.86
1222,127.0,0,0.86
1223,100.0,1,0.98
1224,109.0,2,0.96
1225,85.0,1,0.8
1226,115.0,1,0.96
1227,133.0,0,0.82
1228,193.0,0,0.86
1229,148.0,0,0.6
1230,184.0,0,0.68
1231,148.0,0,0.82
1232,85.0,2,0.9
1233,160.0,0,0.7
1234,190.0,0,0.8
1235,121.0,1,0.72
1236,148.0,0,0.8
1237,67.0,2,1.0
1238,70.0,1,0.86
1239,121.0,2,0.92
1240,154.0,0,0.88
1241,94.0,1,0.92
1242,163.0,0,0.84
1243,142.0,0,0.8
1244,172.0,0,0.72
1245,160.0,0,0.86
1246,136.0,0,0.8
1247,106.0,1,0.84
1248,88.0,2,0.88
1249,169.0,0,0.86
1250,145.0,0,0.88
1251,127.0,0,0.94
1252,142.0,0,0.96
1253,172.0,0,0.78
1254,118.0,0,0.86
1255,85.0,2,0.72
1256,100.0,0,0.96
1257,106.0,1,0.94
1258,151.0,0,0.82
1259,142.0,0,0.84
1260,151.0,1,0.94
1261,112.0,2,0.66
1262,121.0,1,0.74
1263,121.0,1,0.78
1264,97.0,2,0.8
1265,169.0,0,0.88
1266,142.0,0,0.9
1267,127.0,1,0.82
1268,127.0,0,0.9
1269,85.0,2,0.9
1270,130.0,0,0.86
1271,94.0,0,0.88
1272,52.0,3,0.96
1273,121.0,2,0.88
1274,172.0,0,0.8
1275,163.0,0,0.78
1276,154.0,0,0.9
1277,88.0,2,0.96
1278,154.0,2,0.6
1279,91.0,0,1.0
1280,190.0,0,0.76
1281,112.0,3,0.84
1282,130.0,0,0.92
1283,79.0,2,0.92
1284,88.0,3,0.82
1285,133.0,0,0.8
1286,124.0,1,0.7
1287,151.0,0,0.84
1288,139.0,0,0.98
1289,103.0,2,0.88
1290,184.0,0,0.8
1291,163.0,0,0.92
1292,91.0,1,0.94
1293,94.0,2,0.78
1294,103.0,2,0.9
1295,82.0,1,1.0
1296,73.0,4,0.94
1297,127.0,1,0.88
1298,76.0,3,0.9
1299,160.0,0,0.74
1300,151.0,1,0.78
1301,127.0,0,0.92
1302,118.0,0,0.78
1303,118.0,0,0.9
1304,133.0,0,0.98
1305,169.0,1,0.64
1306,187.0,0,0.88
1307,160.0,0,0.86
1308,127.0,0,0.84
1309,130.0,0,0.74
1310,166.0,0,0.76
1311,163.0,0,0.94
1312,109.0,0,1.0
1313,130.0,0,0.78
1314,85.0,4,0.84
1315,145.0,1,0.68
1316,106.0,0,0.94
1317,160.0,0,0.68
1318,175.0,0,0.78
1319,139.0,0,0.96
1320,133.0,0,0.82
1321,148.0,0,0.62
1322,148.0,0,0.68
1323,109.0,1,0.88
1324,136.0,0,0.84
1325,106.0,1,1.0
1326,148.0,1,0.88
1327,121.0,0,0.74
1328,166.0,0,0.8
1329,145.0,0,0.82
1330,130.0,0,0.7
1331,154.0,0,0.82
1332,139.0,1,0.74
1333,100.0,1,0.68
1334,88.0,0,0.92
1335,154.0,0,0.88
1336,133.0,0,0.74
1337,91.0,4,0.92
1338,178.0,0,1.0
1339,139.0,0,0.9
1340,136.0,0,0.72
1341,136.0,0,0.94
1342,157.0,0,0.78
1343,112.0,0,0.88
1344,196.0,0,0.86
1345,124.0,1,0.96
1346,154.0,0,0.9
1347,133.0,0,0.74
1348,94.0,1,1.0
1349,151.0,0,0.82
1350,148.0,0,0.92
1351,133.0,0,0.84
1352,154.0,0,0.8
1353,151.0,0,0.82
1354,160.0,0,0.8
1355,127.0,0,0.7
1356,163.0,1,0.62
1357,157.0,0,0.94
1358,106.0,1,0.9
1359,136.0,0,0.96
1360,130.0,0,0.92
1361,139.0,1,0.7
1362,166.0,0,0.72
1363,145.0,1,0.84
1364,127.0,0,0.7
1365,178.0,0,0.78
1366,124.0,0,0.68
1367,76.0,3,0.96
1368,163.0,0,0.9
1369,118.0,0,0.96
1370,67.0,3,0.94
1371,139.0,1,0.72
1372,196.0,2,0.7
1373,151.0,0,0.76
1374,184.0,0,0.78
1375,106.0,0,0.92
1376,154.0,0,0.84
1377,154.0,0,0.68
1378,148.0,0,0.88
1379,139.0,0,0.64
1380,106.0,2,0.96
1381,136.0,0,0.82
1382,91.0,2,0.96
1383,154.0,0,0.8
1384,163.0,1,0.72
1385,166.0,0,0.88
1386,136.0,0,0.88
1387,97.0,2,0.86
1388,100.0,2,0.86
1389,103.0,1,0.9
1390,196.0,0,0.72
1391,127.0,1,0.78
1392,187.0,0,0.8
1393,133.0,0,0.6
1394,139.0,2,0.68
1395,130.0,1,0.98
1396,115.0,2,0.94
1397,94.0,1,0.84
1398,148.0,0,0.56
1399,127.0,0,0.9
1400,160.0,0,0.98
1401,103.0,0,0.82
1402,52.0,1,0.96
1403,193.0,0,0.6
1404,157.0,0,0.7
1405,148.0,1,0.68
1406,112.0,1,0.9
1407,124.0,1,0.86
1408,175.0,0,0.76
1409,100.0,3,0.88
1410,103.0,1,0.58
1411,154.0,0,0.84
1412,160.0,0,0.7
1413,130.0,1,0.88
1414,169.0,0,0.8
1415,142.0,2,0.86
1416,94.0,3,0.98
1417,151.0,1,0.84
1418,154.0,1,0.72
1419,181.0,1,0.52
1420,184.0,0,0.88
1421,94.0,2,0.78
1422,130.0,0,0.62
1423,103.0,1,0.94
1424,217.0,0,0.9
1425,97.0,2,0.96
1426,139.0,0,0.9
1427,124.0,1,0.74
1428,139.0,0,0.96
1429,115.0,0,0.86
1430,70.0,3,0.96
1431,184.0,0,0.72
1432,169.0,0,0.64
1433,136.0,0,0.62
1434,130.0,0,0.78
1435,94.0,1,0.92
1436,109.0,1,0.92
1437,172.0,0,0.88
1438,121.0,0,0.98
1439,169.0,0,0.66
1440,169.0,0,0.88
1441,118.0,1,0.7
1442,139.0,0,0.9
1443,145.0,0,0.72
1444,169.0,1,0.68
1445,172.0,0,0.9
1446,169.0,0,0.74
1447,124.0,1,0.86
1448,145.0,0,0.86
1449,151.0,0,0.96
1450,109.0,0,0.88
1451,142.0,0,0.72
1452,160.0,0,0.84
1453,175.0,0,0.9
1454,142.0,1,0.52
1455,136.0,1,0.94
1456,160.0,0,0.52
1457,106.0,0,1.0
1458,127.0,0,0.92
1459,127.0,2,0.9
1460,94.0,2,1.0
1461,127.0,1,0.92
1462,142.0,1,0.8
1463,178.0,0,0.78
1464,97.0,0,0.8
1465,196.0,0,0.86
1466,124.0,0,0.84
1467,127.0,1,0.92
1468,127.0,0,0.8
1469,181.0,0,0.78
1470,142.0,1,0.9
1471,169.0,0,0.66
1472,142.0,1,0.76
1473,124.0,1,0.68
1474,136.0,0,0.58
1475,157.0,0,0.84
1476,154.0,0,0.78
1477,118.0,1,0.84
1478,100.0,2,0.88
1479,112.0,1,0.92
1480,88.0,2,0.72
1481,139.0,2,0.8
1482,130.0,1,0.96
1483,148.0,1,0.72
1484,151.0,0,0.56
1485,64.0,2,0.8
1486,91.0,2,0.94
1487,106.0,1,1.0
1488,166.0,0,0.82
1489,67.0,3,0.9
1490,175.0,0,0.8
1491,145.0,0,0.78
1492,178.0,0,0.82
1493,184.0,0,0.74
1494,142.0,0,0.82
1495,106.0,1,0.74
1496,130.0,0,0.78
1497,133.0,1,0.92
1498,187.0,0,0.74
1499,151.0,1,0.94
